{
    "sales_skew_before": 0.0410500990414814,
    "sales_skew_after": -1.826051197431584,
    "sales_unit_skew_before": 2.5578429630028885,
    "sales_unit_skew_after": -0.5635145735326048,
    "base_acc": 0.5146321300633784,
    "base_f1": 0.3390523295870265,
    "base_auc": 0.5207972835953202,
    "eng_acc": 0.5188536786993663,
    "eng_f1": 0.44394685663623584,
    "eng_auc": 0.5122810525034528,
    "median_sales": 735.135,
    "total_rows": 954
}